,Unnamed: 0,Name,Age,Sex,Personal effects,ID,score
0,0,"716,0000",57,Male,1.0,MP-1,0.1113981272199777
1,1,"630,0000",53,Male,2.0,MP-2,0.1113981272199777
2,2,"933,0000",43,Female,1.0,MP-3,0.5941233451732144
3,3,"489,0000",39,Male,1.0,MP-4,0.1113981272199777
4,4,"747,0000",37,Male,2.0,MP-5,0.1113981272199777
5,5,"795,0000",30,Female,1.0,MP-6,0.5941233451732144
6,6,"417,0000",28,Male,2.0,MP-7,0.1113981272199777
7,7,"590,0000",21,Male,1.0,MP-8,0.1113981272199777
8,8,"363,0000",19,Male,2.0,MP-9,0.1113981272199777
9,9,"242,0000",19,Male,1.0,MP-10,0.1113981272199777
10,10,"305,0000",16,Male,1.0,MP-11,0.1113981272199777
11,11,"293,0000",15,Male,2.0,MP-12,0.1113981272199777
12,12,"209,0000",14,Male,1.0,MP-13,0.1113981272199777
13,13,"196,0000",13,Male,1.0,MP-14,0.1113981272199777
14,14,"358,0000",13,Male,2.0,MP-15,0.1113981272199777
15,15,"79,0000",12,Female,1.0,MP-16,0.5941233451732144
16,16,"101,0000",7,Female,1.0,MP-17,0.5941233451732144
17,17,"26,0000",1,Male,1.0,MP-18,0.1113981272199777
18,18,"950,0000",81,Male,1.0,MP-19,0.1113981272199777
19,19,"779,0000",63,Female,1.0,MP-20,0.5941233451732144
20,20,"400,0000",61,Male,1.0,MP-21,0.1113981272199777
21,21,"793,0000",52,Female,1.0,MP-22,0.5941233451732144
22,22,"813,0000",47,Female,1.0,MP-23,0.5941233451732144
23,23,"875,0000",46,Male,2.0,MP-24,0.1113981272199777
24,24,"752,0000",45,Male,2.0,MP-25,0.1113981272199777
25,25,"677,0000",41,Male,2.0,MP-26,0.1113981272199777
26,26,"708,0000",41,Male,1.0,MP-27,0.1113981272199777
27,27,"859,0000",33,Male,2.0,MP-28,0.1113981272199777
28,28,"745,0000",30,Male,1.0,MP-29,0.1113981272199777
29,29,"914,0000",27,Male,1.0,MP-30,0.1113981272199777
30,30,"391,0000",20,Male,1.0,MP-31,0.1113981272199777
31,31,"266,0000",19,Female,1.0,MP-32,0.5941233451732144
32,32,"332,0000",19,Male,2.0,MP-33,0.1113981272199777
33,33,"651,0000",19,Male,2.0,MP-34,0.1113981272199777
34,34,"178,0000",19,Male,2.0,MP-35,0.1113981272199777
35,35,"317,0000",19,Male,2.0,MP-36,0.1113981272199777
36,36,"372,0000",16,Female,1.0,MP-37,0.5941233451732144
37,37,"269,0000",14,Female,2.0,MP-38,0.5941233451732144
38,38,"207,0000",14,Male,2.0,MP-39,0.1113981272199777
39,39,"181,0000",13,Male,1.0,MP-40,0.1113981272199777
40,40,"39,0000",9,Male,1.0,MP-41,0.1113981272199777
41,41,"163,0000",9,Female,2.0,MP-42,0.5941233451732144
42,42,"107,0000",3,Female,2.0,MP-43,0.5941233451732144
43,43,"77,0000",0,Female,1.0,MP-44,0.5941233451732144
44,44,"952,0000",99,Male,2.0,MP-45,0.1113981272199777
45,45,"946,0000",69,Female,2.0,MP-46,0.5941233451732144
46,46,"412,0000",65,Male,2.0,MP-47,0.1113981272199777
47,47,"760,0000",63,Female,2.0,MP-48,0.5941233451732144
48,48,"535,0000",62,Male,2.0,MP-49,0.1113981272199777
49,49,"662,0000",61,Male,1.0,MP-50,0.1113981272199777
50,50,"602,0000",59,Male,1.0,MP-51,0.1113981272199777
51,51,"456,0000",55,Male,2.0,MP-52,0.1113981272199777
52,52,"649,0000",54,Male,2.0,MP-53,0.1113981272199777
53,53,"576,0000",50,Male,1.0,MP-54,0.1113981272199777
54,54,"806,0000",47,Female,2.0,MP-55,0.5941233451732144
55,55,"761,0000",46,Female,2.0,MP-56,0.5941233451732144
56,56,"559,0000",46,Male,1.0,MP-57,0.1113981272199777
57,57,"422,0000",45,Male,1.0,MP-58,0.1113981272199777
58,58,"402,0000",44,Male,2.0,MP-59,0.1113981272199777
59,59,"563,0000",42,Male,2.0,MP-60,0.1113981272199777
60,60,"729,0000",41,Male,1.0,MP-61,0.1113981272199777
61,61,"910,0000",33,Female,1.0,MP-62,0.5941233451732144
62,62,"493,0000",33,Male,1.0,MP-63,0.1113981272199777
63,63,"709,0000",30,Male,2.0,MP-64,0.1113981272199777
64,64,"644,0000",27,Male,1.0,MP-65,0.1113981272199777
65,65,"475,0000",24,Male,1.0,MP-66,0.1113981272199777
66,66,"547,0000",23,Male,1.0,MP-67,0.1113981272199777
67,67,"672,0000",22,Male,1.0,MP-68,0.1113981272199777
68,68,"627,0000",20,Male,1.0,MP-69,0.1113981272199777
69,69,"218,0000",19,Male,1.0,MP-70,0.1113981272199777
70,70,"343,0000",17,Male,1.0,MP-71,0.1113981272199777
71,71,"326,0000",17,Male,1.0,MP-72,0.1113981272199777
72,72,"380,0000",16,Female,2.0,MP-73,0.5941233451732144
73,73,"236,0000",15,Male,1.0,MP-74,0.1113981272199777
74,74,"241,0000",15,Male,2.0,MP-75,0.1113981272199777
75,75,"253,0000",14,Male,1.0,MP-76,0.1113981272199777
76,76,"275,0000",14,Female,1.0,MP-77,0.5941233451732144
77,77,"381,0000",13,Female,1.0,MP-78,0.5941233451732144
78,78,"34,0000",12,Male,1.0,MP-79,0.1113981272199777
79,79,"103,0000",12,Female,2.0,MP-80,0.5941233451732144
80,80,"4,0000",8,Male,1.0,MP-81,0.1113981272199777
81,81,"112,0000",8,Female,2.0,MP-82,0.5941233451732144
82,82,"43,0000",7,Male,1.0,MP-83,0.1113981272199777
83,83,"29,0000",6,Male,1.0,MP-84,0.1113981272199777
84,84,"944,0000",98,Female,1.0,MP-85,0.5941233451732144
85,85,"967,0000",91,Male,2.0,MP-86,0.1113981272199777
86,86,"976,0000",90,Male,2.0,MP-87,0.1113981272199777
87,87,"969,0000",85,Male,1.0,MP-88,0.1113981272199777
88,88,"970,0000",84,Male,1.0,MP-89,0.1113981272199777
89,89,"960,0000",80,Male,1.0,MP-90,0.1113981272199777
90,90,"1000,0000",71,Female,2.0,MP-91,0.5941233451732144
91,91,"953,0000",67,Male,1.0,MP-92,0.1113981272199777
92,92,"613,0000",64,Male,2.0,MP-93,0.1113981272199777
93,93,"675,0000",64,Male,2.0,MP-94,0.1113981272199777
94,94,"673,0000",62,Male,1.0,MP-95,0.1113981272199777
95,95,"867,0000",61,Male,2.0,MP-96,0.1113981272199777
96,96,"862,0000",60,Male,2.0,MP-97,0.1113981272199777
97,97,"471,0000",59,Male,1.0,MP-98,0.1113981272199777
98,98,"863,0000",56,Male,1.0,MP-99,0.1113981272199777
99,99,"876,0000",56,Male,2.0,MP-100,0.1113981272199777
100,100,"650,0000",55,Male,2.0,MP-101,0.1113981272199777
101,101,"684,0000",53,Male,2.0,MP-102,0.1113981272199777
102,102,"405,0000",53,Male,1.0,MP-103,0.1113981272199777
103,103,"848,0000",52,Male,1.0,MP-104,0.1113981272199777
104,104,"626,0000",51,Male,2.0,MP-105,0.1113981272199777
105,105,"396,0000",50,Male,1.0,MP-106,0.1113981272199777
106,106,"637,0000",48,Male,1.0,MP-107,0.1113981272199777
107,107,"767,0000",46,Female,1.0,MP-108,0.5941233451732144
108,108,"466,0000",46,Male,1.0,MP-109,0.1113981272199777
109,109,"476,0000",45,Male,1.0,MP-110,0.1113981272199777
110,110,"769,0000",45,Female,1.0,MP-111,0.5941233451732144
111,111,"529,0000",44,Male,1.0,MP-112,0.1113981272199777
112,112,"397,0000",43,Male,1.0,MP-113,0.1113981272199777
113,113,"427,0000",40,Male,1.0,MP-114,0.1113981272199777
114,114,"619,0000",40,Male,2.0,MP-115,0.1113981272199777
115,115,"395,0000",40,Male,2.0,MP-116,0.1113981272199777
116,116,"935,0000",40,Female,1.0,MP-117,0.5941233451732144
117,117,"735,0000",40,Male,1.0,MP-118,0.1113981272199777
118,118,"641,0000",39,Male,1.0,MP-119,0.1113981272199777
119,119,"780,0000",39,Female,2.0,MP-120,0.5941233451732144
120,120,"534,0000",37,Male,2.0,MP-121,0.1113981272199777
121,121,"490,0000",37,Male,2.0,MP-122,0.1113981272199777
122,122,"599,0000",35,Male,2.0,MP-123,0.1113981272199777
123,123,"481,0000",32,Male,2.0,MP-124,0.1113981272199777
124,124,"484,0000",32,Male,2.0,MP-125,0.1113981272199777
125,125,"765,0000",31,Female,2.0,MP-126,0.5941233451732144
126,126,"918,0000",31,Male,1.0,MP-127,0.1113981272199777
127,127,"448,0000",30,Male,2.0,MP-128,0.1113981272199777
128,128,"557,0000",28,Male,1.0,MP-129,0.1113981272199777
129,129,"913,0000",25,Male,1.0,MP-130,0.1113981272199777
130,130,"719,0000",25,Male,2.0,MP-131,0.1113981272199777
131,131,"849,0000",24,Male,2.0,MP-132,0.1113981272199777
132,132,"909,0000",24,Female,2.0,MP-133,0.5941233451732144
133,133,"866,0000",24,Male,1.0,MP-134,0.1113981272199777
134,134,"783,0000",22,Female,1.0,MP-135,0.5941233451732144
135,135,"698,0000",20,Male,2.0,MP-136,0.1113981272199777
136,136,"423,0000",20,Male,1.0,MP-137,0.1113981272199777
137,137,"703,0000",19,Male,1.0,MP-138,0.1113981272199777
138,138,"560,0000",18,Male,1.0,MP-139,0.1113981272199777
139,139,"538,0000",18,Male,2.0,MP-140,0.1113981272199777
140,140,"386,0000",18,Female,1.0,MP-141,0.5941233451732144
141,141,"347,0000",17,Male,2.0,MP-142,0.1113981272199777
142,142,"295,0000",17,Male,2.0,MP-143,0.1113981272199777
143,143,"320,0000",17,Male,1.0,MP-144,0.1113981272199777
144,144,"304,0000",17,Male,2.0,MP-145,0.1113981272199777
145,145,"292,0000",16,Male,2.0,MP-146,0.1113981272199777
146,146,"197,0000",16,Male,2.0,MP-147,0.1113981272199777
147,147,"279,0000",16,Female,1.0,MP-148,0.5941233451732144
148,148,"282,0000",15,Female,2.0,MP-149,0.5941233451732144
149,149,"189,0000",15,Male,2.0,MP-150,0.1113981272199777
150,150,"224,0000",15,Male,1.0,MP-151,0.1113981272199777
151,151,"183,0000",15,Male,2.0,MP-152,0.1113981272199777
152,152,"184,0000",15,Male,2.0,MP-153,0.1113981272199777
153,153,"310,0000",14,Male,1.0,MP-154,0.1113981272199777
154,154,"328,0000",13,Male,2.0,MP-155,0.1113981272199777
155,155,"13,0000",12,Male,1.0,MP-156,0.1113981272199777
156,156,"144,0000",12,Male,1.0,MP-157,0.1113981272199777
157,157,"134,0000",12,Male,1.0,MP-158,0.1113981272199777
158,158,"109,0000",9,Female,1.0,MP-159,0.5941233451732144
159,159,"119,0000",9,Male,2.0,MP-160,0.1113981272199777
160,160,"165,0000",8,Female,1.0,MP-161,0.5941233451732144
161,161,"87,0000",5,Female,1.0,MP-162,0.5941233451732144
162,162,"125,0000",3,Male,2.0,MP-163,0.1113981272199777
163,163,"71,0000",2,Female,2.0,MP-164,0.5941233451732144
164,164,"170,0000",1,Female,1.0,MP-165,0.5941233451732144
165,165,"90,0000",1,Female,2.0,MP-166,0.5941233451732144
166,166,"104,0000",1,Female,2.0,MP-167,0.5941233451732144
167,167,"100,0000",0,Female,2.0,MP-168,0.5941233451732144
168,168,"962,0000",77,Male,1.0,MP-169,0.1113981272199777
169,169,"741,0000",64,Male,1.0,MP-170,0.1113981272199777
170,170,"871,0000",64,Male,2.0,MP-171,0.1113981272199777
171,171,"625,0000",60,Male,2.0,MP-172,0.1113981272199777
172,172,"436,0000",58,Male,2.0,MP-173,0.1113981272199777
173,173,"841,0000",57,Female,2.0,MP-174,0.5941233451732144
174,174,"454,0000",55,Male,1.0,MP-175,0.1113981272199777
175,175,"870,0000",52,Male,2.0,MP-176,0.1113981272199777
176,176,"467,0000",51,Male,1.0,MP-177,0.1113981272199777
177,177,"737,0000",51,Male,2.0,MP-178,0.1113981272199777
178,178,"854,0000",47,Male,2.0,MP-179,0.1113981272199777
179,179,"850,0000",45,Male,2.0,MP-180,0.1113981272199777
180,180,"556,0000",44,Male,1.0,MP-181,0.1113981272199777
181,181,"934,0000",40,Female,1.0,MP-182,0.5941233451732144
182,182,"728,0000",40,Male,1.0,MP-183,0.1113981272199777
183,183,"774,0000",39,Female,2.0,MP-184,0.5941233451732144
184,184,"628,0000",35,Male,1.0,MP-185,0.1113981272199777
185,185,"653,0000",30,Male,2.0,MP-186,0.1113981272199777
186,186,"199,0000",19,Male,2.0,MP-187,0.1113981272199777
187,187,"324,0000",17,Male,1.0,MP-188,0.1113981272199777
188,188,"281,0000",17,Female,1.0,MP-189,0.5941233451732144
189,189,"344,0000",16,Male,2.0,MP-190,0.1113981272199777
190,190,"204,0000",16,Male,2.0,MP-191,0.1113981272199777
191,191,"237,0000",15,Male,1.0,MP-192,0.1113981272199777
192,192,"229,0000",14,Male,2.0,MP-193,0.1113981272199777
193,193,"388,0000",13,Female,1.0,MP-194,0.5941233451732144
194,194,"289,0000",13,Female,2.0,MP-195,0.5941233451732144
195,195,"33,0000",9,Male,1.0,MP-196,0.1113981272199777
196,196,"22,0000",8,Male,1.0,MP-197,0.1113981272199777
197,197,"161,0000",6,Female,2.0,MP-198,0.5941233451732144
198,198,"172,0000",5,Female,1.0,MP-199,0.5941233451732144
199,199,"59,0000",5,Female,1.0,MP-200,0.5941233451732144
200,200,"5,0000",4,Male,2.0,MP-201,0.1113981272199777
201,201,"69,0000",3,Female,1.0,MP-202,0.5941233451732144
202,202,"948,0000",75,Male,1.0,MP-203,0.1113981272199777
203,203,"723,0000",64,Male,2.0,MP-204,0.1113981272199777
204,204,"587,0000",64,Male,2.0,MP-205,0.1113981272199777
205,205,"829,0000",56,Female,2.0,MP-206,0.5941233451732144
206,206,"515,0000",51,Male,2.0,MP-207,0.1113981272199777
207,207,"664,0000",48,Male,2.0,MP-208,0.1113981272199777
208,208,"874,0000",35,Male,1.0,MP-209,0.1113981272199777
209,209,"858,0000",34,Male,1.0,MP-210,0.1113981272199777
210,210,"445,0000",33,Male,2.0,MP-211,0.1113981272199777
211,211,"527,0000",32,Male,2.0,MP-212,0.1113981272199777
212,212,"574,0000",31,Male,2.0,MP-213,0.1113981272199777
213,213,"415,0000",23,Male,2.0,MP-214,0.1113981272199777
214,214,"683,0000",22,Male,1.0,MP-215,0.1113981272199777
215,215,"349,0000",19,Male,2.0,MP-216,0.1113981272199777
216,216,"470,0000",19,Male,2.0,MP-217,0.1113981272199777
217,217,"348,0000",16,Male,2.0,MP-218,0.1113981272199777
218,218,"154,0000",11,Female,2.0,MP-219,0.5941233451732144
219,219,"124,0000",7,Male,2.0,MP-220,0.1113981272199777
220,220,"66,0000",0,Female,1.0,MP-221,0.5941233451732144
221,221,"972,0000",98,Male,2.0,MP-222,0.1113981272199777
222,222,"954,0000",89,Male,2.0,MP-223,0.1113981272199777
223,223,"956,0000",78,Male,2.0,MP-224,0.1113981272199777
224,224,"989,0000",72,Male,1.0,MP-225,0.1113981272199777
225,225,"985,0000",72,Male,1.0,MP-226,0.1113981272199777
226,226,"648,0000",65,Male,2.0,MP-227,0.1113981272199777
227,227,"430,0000",64,Male,1.0,MP-228,0.1113981272199777
228,228,"768,0000",63,Female,2.0,MP-229,0.5941233451732144
229,229,"474,0000",62,Male,2.0,MP-230,0.1113981272199777
230,230,"686,0000",62,Male,2.0,MP-231,0.1113981272199777
231,231,"802,0000",61,Female,1.0,MP-232,0.5941233451732144
232,232,"897,0000",61,Female,2.0,MP-233,0.5941233451732144
233,233,"635,0000",59,Male,2.0,MP-234,0.1113981272199777
234,234,"632,0000",55,Male,1.0,MP-235,0.1113981272199777
235,235,"931,0000",52,Male,2.0,MP-236,0.1113981272199777
236,236,"726,0000",44,Male,1.0,MP-237,0.1113981272199777
237,237,"676,0000",43,Male,1.0,MP-238,0.1113981272199777
238,238,"691,0000",43,Male,2.0,MP-239,0.1113981272199777
239,239,"803,0000",41,Female,1.0,MP-240,0.5941233451732144
240,240,"509,0000",38,Male,1.0,MP-241,0.1113981272199777
241,241,"771,0000",35,Female,2.0,MP-242,0.5941233451732144
242,242,"426,0000",34,Male,2.0,MP-243,0.1113981272199777
243,243,"586,0000",33,Male,2.0,MP-244,0.1113981272199777
244,244,"421,0000",33,Male,1.0,MP-245,0.1113981272199777
245,245,"700,0000",33,Male,1.0,MP-246,0.1113981272199777
246,246,"758,0000",32,Female,2.0,MP-247,0.5941233451732144
247,247,"667,0000",31,Male,1.0,MP-248,0.1113981272199777
248,248,"638,0000",30,Male,2.0,MP-249,0.1113981272199777
249,249,"682,0000",29,Male,1.0,MP-250,0.1113981272199777
250,250,"891,0000",29,Female,1.0,MP-251,0.5941233451732144
251,251,"438,0000",28,Male,2.0,MP-252,0.1113981272199777
252,252,"776,0000",28,Female,2.0,MP-253,0.5941233451732144
253,253,"569,0000",24,Male,2.0,MP-254,0.1113981272199777
254,254,"680,0000",23,Male,1.0,MP-255,0.1113981272199777
255,255,"938,0000",20,Female,2.0,MP-256,0.5941233451732144
256,256,"296,0000",19,Male,2.0,MP-257,0.1113981272199777
257,257,"734,0000",19,Male,2.0,MP-258,0.1113981272199777
258,258,"836,0000",19,Female,2.0,MP-259,0.5941233451732144
259,259,"191,0000",19,Male,2.0,MP-260,0.1113981272199777
260,260,"280,0000",19,Female,1.0,MP-261,0.5941233451732144
261,261,"665,0000",18,Male,2.0,MP-262,0.1113981272199777
262,262,"411,0000",18,Male,2.0,MP-263,0.1113981272199777
263,263,"336,0000",18,Male,2.0,MP-264,0.1113981272199777
264,264,"322,0000",18,Male,1.0,MP-265,0.1113981272199777
265,265,"885,0000",18,Female,1.0,MP-266,0.5941233451732144
266,266,"228,0000",17,Male,1.0,MP-267,0.1113981272199777
267,267,"299,0000",17,Male,2.0,MP-268,0.1113981272199777
268,268,"256,0000",17,Male,2.0,MP-269,0.1113981272199777
269,269,"365,0000",17,Male,2.0,MP-270,0.1113981272199777
270,270,"325,0000",17,Male,1.0,MP-271,0.1113981272199777
271,271,"239,0000",16,Male,2.0,MP-272,0.1113981272199777
272,272,"248,0000",16,Male,2.0,MP-273,0.1113981272199777
273,273,"234,0000",15,Male,1.0,MP-274,0.1113981272199777
274,274,"361,0000",15,Male,2.0,MP-275,0.1113981272199777
275,275,"373,0000",14,Female,2.0,MP-276,0.5941233451732144
276,276,"342,0000",14,Male,2.0,MP-277,0.1113981272199777
277,277,"350,0000",14,Male,1.0,MP-278,0.1113981272199777
278,278,"227,0000",13,Male,2.0,MP-279,0.1113981272199777
279,279,"64,0000",12,Female,1.0,MP-280,0.5941233451732144
280,280,"83,0000",11,Female,2.0,MP-281,0.5941233451732144
281,281,"132,0000",11,Male,1.0,MP-282,0.1113981272199777
282,282,"136,0000",11,Male,1.0,MP-283,0.1113981272199777
283,283,"81,0000",10,Female,2.0,MP-284,0.5941233451732144
284,284,"92,0000",8,Female,1.0,MP-285,0.5941233451732144
285,285,"114,0000",8,Female,1.0,MP-286,0.5941233451732144
286,286,"155,0000",6,Female,1.0,MP-287,0.5941233451732144
287,287,"56,0000",5,Female,1.0,MP-288,0.5941233451732144
288,288,"151,0000",5,Female,1.0,MP-289,0.5941233451732144
289,289,"128,0000",5,Male,1.0,MP-290,0.1113981272199777
290,290,"6,0000",3,Male,1.0,MP-291,0.1113981272199777
291,291,"1,0000",3,Male,1.0,MP-292,0.1113981272199777
292,292,"96,0000",2,Female,2.0,MP-293,0.5941233451732144
293,293,"131,0000",1,Male,1.0,MP-294,0.1113981272199777
294,294,"130,0000",0,Male,1.0,MP-295,0.1113981272199777
295,295,"141,0000",0,Male,2.0,MP-296,0.1113981272199777
296,296,"164,0000",0,Female,2.0,MP-297,0.5941233451732144
297,297,"986,0000",88,Male,2.0,MP-298,0.1113981272199777
298,298,"979,0000",75,Male,2.0,MP-299,0.1113981272199777
299,299,"842,0000",64,Female,1.0,MP-300,0.5941233451732144
300,300,"585,0000",60,Male,1.0,MP-301,0.1113981272199777
301,301,"936,0000",58,Female,2.0,MP-302,0.5941233451732144
302,302,"853,0000",58,Male,1.0,MP-303,0.1113981272199777
303,303,"794,0000",54,Female,2.0,MP-304,0.5941233451732144
304,304,"939,0000",49,Female,1.0,MP-305,0.5941233451732144
305,305,"589,0000",48,Male,2.0,MP-306,0.1113981272199777
306,306,"483,0000",46,Male,2.0,MP-307,0.1113981272199777
307,307,"640,0000",45,Male,2.0,MP-308,0.1113981272199777
308,308,"796,0000",44,Female,1.0,MP-309,0.5941233451732144
309,309,"926,0000",38,Male,1.0,MP-310,0.1113981272199777
310,310,"843,0000",31,Male,1.0,MP-311,0.1113981272199777
311,311,"772,0000",30,Female,1.0,MP-312,0.5941233451732144
312,312,"817,0000",28,Female,1.0,MP-313,0.5941233451732144
313,313,"495,0000",25,Male,2.0,MP-314,0.1113981272199777
314,314,"473,0000",23,Male,2.0,MP-315,0.1113981272199777
315,315,"230,0000",18,Male,1.0,MP-316,0.1113981272199777
316,316,"249,0000",18,Male,2.0,MP-317,0.1113981272199777
317,317,"216,0000",18,Male,2.0,MP-318,0.1113981272199777
318,318,"321,0000",17,Male,1.0,MP-319,0.1113981272199777
319,319,"286,0000",15,Female,2.0,MP-320,0.5941233451732144
320,320,"354,0000",14,Male,2.0,MP-321,0.1113981272199777
321,321,"382,0000",13,Female,2.0,MP-322,0.5941233451732144
322,322,"139,0000",9,Male,1.0,MP-323,0.1113981272199777
323,323,"120,0000",1,Male,1.0,MP-324,0.1113981272199777
324,324,"987,0000",67,Male,2.0,MP-325,0.1113981272199777
325,325,"942,0000",65,Female,2.0,MP-326,0.5941233451732144
326,326,"408,0000",63,Male,1.0,MP-327,0.1113981272199777
327,327,"738,0000",55,Male,1.0,MP-328,0.1113981272199777
328,328,"615,0000",47,Male,2.0,MP-329,0.1113981272199777
329,329,"791,0000",44,Female,1.0,MP-330,0.5941233451732144
330,330,"519,0000",40,Male,2.0,MP-331,0.1113981272199777
331,331,"643,0000",31,Male,1.0,MP-332,0.1113981272199777
332,332,"805,0000",25,Female,1.0,MP-333,0.5941233451732144
333,333,"274,0000",19,Female,2.0,MP-334,0.5941233451732144
334,334,"357,0000",16,Male,2.0,MP-335,0.1113981272199777
335,335,"99,0000",7,Female,2.0,MP-336,0.5941233451732144
336,336,"11,0000",4,Male,2.0,MP-337,0.1113981272199777
337,337,"964,0000",100,Male,2.0,MP-338,0.1113981272199777
338,338,"981,0000",97,Male,1.0,MP-339,0.1113981272199777
339,339,"975,0000",92,Male,2.0,MP-340,0.1113981272199777
340,340,"996,0000",90,Female,2.0,MP-341,0.5941233451732144
341,341,"992,0000",84,Male,1.0,MP-342,0.1113981272199777
342,342,"997,0000",72,Female,2.0,MP-343,0.5941233451732144
343,343,"998,0000",66,Female,1.0,MP-344,0.5941233451732144
344,344,"463,0000",64,Male,2.0,MP-345,0.1113981272199777
345,345,"526,0000",63,Male,2.0,MP-346,0.1113981272199777
346,346,"450,0000",62,Male,2.0,MP-347,0.1113981272199777
347,347,"659,0000",60,Male,1.0,MP-348,0.1113981272199777
348,348,"861,0000",60,Male,2.0,MP-349,0.1113981272199777
349,349,"766,0000",60,Female,2.0,MP-350,0.5941233451732144
350,350,"571,0000",59,Male,1.0,MP-351,0.1113981272199777
351,351,"722,0000",57,Male,1.0,MP-352,0.1113981272199777
352,352,"835,0000",56,Female,2.0,MP-353,0.5941233451732144
353,353,"727,0000",55,Male,1.0,MP-354,0.1113981272199777
354,354,"567,0000",55,Male,1.0,MP-355,0.1113981272199777
355,355,"720,0000",54,Male,2.0,MP-356,0.1113981272199777
356,356,"588,0000",53,Male,1.0,MP-357,0.1113981272199777
357,357,"865,0000",50,Male,2.0,MP-358,0.1113981272199777
358,358,"440,0000",48,Male,1.0,MP-359,0.1113981272199777
359,359,"409,0000",46,Male,1.0,MP-360,0.1113981272199777
360,360,"416,0000",46,Male,1.0,MP-361,0.1113981272199777
361,361,"465,0000",46,Male,2.0,MP-362,0.1113981272199777
362,362,"711,0000",43,Male,2.0,MP-363,0.1113981272199777
363,363,"459,0000",43,Male,2.0,MP-364,0.1113981272199777
364,364,"699,0000",43,Male,2.0,MP-365,0.1113981272199777
365,365,"804,0000",41,Female,1.0,MP-366,0.5941233451732144
366,366,"398,0000",39,Male,1.0,MP-367,0.1113981272199777
367,367,"451,0000",38,Male,2.0,MP-368,0.1113981272199777
368,368,"503,0000",38,Male,1.0,MP-369,0.1113981272199777
369,369,"608,0000",36,Male,2.0,MP-370,0.1113981272199777
370,370,"671,0000",35,Male,2.0,MP-371,0.1113981272199777
371,371,"840,0000",35,Female,2.0,MP-372,0.5941233451732144
372,372,"713,0000",33,Male,2.0,MP-373,0.1113981272199777
373,373,"494,0000",32,Male,1.0,MP-374,0.1113981272199777
374,374,"477,0000",30,Male,1.0,MP-375,0.1113981272199777
375,375,"496,0000",29,Male,2.0,MP-376,0.1113981272199777
376,376,"504,0000",26,Male,1.0,MP-377,0.1113981272199777
377,377,"928,0000",26,Male,2.0,MP-378,0.1113981272199777
378,378,"654,0000",26,Male,2.0,MP-379,0.1113981272199777
379,379,"694,0000",26,Male,1.0,MP-380,0.1113981272199777
380,380,"668,0000",25,Male,2.0,MP-381,0.1113981272199777
381,381,"868,0000",24,Male,1.0,MP-382,0.1113981272199777
382,382,"568,0000",24,Male,2.0,MP-383,0.1113981272199777
383,383,"522,0000",24,Male,2.0,MP-384,0.1113981272199777
384,384,"434,0000",24,Male,2.0,MP-385,0.1113981272199777
385,385,"864,0000",24,Male,1.0,MP-386,0.1113981272199777
386,386,"460,0000",23,Male,1.0,MP-387,0.1113981272199777
387,387,"531,0000",22,Male,1.0,MP-388,0.1113981272199777
388,388,"435,0000",20,Male,2.0,MP-389,0.1113981272199777
389,389,"516,0000",19,Male,1.0,MP-390,0.1113981272199777
390,390,"254,0000",19,Male,1.0,MP-391,0.1113981272199777
391,391,"259,0000",19,Female,2.0,MP-392,0.5941233451732144
392,392,"903,0000",18,Female,2.0,MP-393,0.5941233451732144
393,393,"288,0000",18,Female,1.0,MP-394,0.5941233451732144
394,394,"285,0000",18,Female,2.0,MP-395,0.5941233451732144
395,395,"283,0000",18,Female,2.0,MP-396,0.5941233451732144
396,396,"387,0000",17,Female,2.0,MP-397,0.5941233451732144
397,397,"355,0000",17,Male,1.0,MP-398,0.1113981272199777
398,398,"301,0000",15,Male,2.0,MP-399,0.1113981272199777
399,399,"223,0000",15,Male,2.0,MP-400,0.1113981272199777
400,400,"377,0000",14,Female,2.0,MP-401,0.5941233451732144
401,401,"319,0000",14,Male,1.0,MP-402,0.1113981272199777
402,402,"366,0000",14,Male,1.0,MP-403,0.1113981272199777
403,403,"265,0000",14,Female,2.0,MP-404,0.5941233451732144
404,404,"267,0000",14,Female,2.0,MP-405,0.5941233451732144
405,405,"231,0000",14,Male,2.0,MP-406,0.1113981272199777
406,406,"220,0000",14,Male,1.0,MP-407,0.1113981272199777
407,407,"213,0000",13,Male,1.0,MP-408,0.1113981272199777
408,408,"38,0000",12,Male,1.0,MP-409,0.1113981272199777
409,409,"52,0000",10,Female,2.0,MP-410,0.5941233451732144
410,410,"24,0000",9,Male,1.0,MP-411,0.1113981272199777
411,411,"85,0000",8,Female,1.0,MP-412,0.5941233451732144
412,412,"2,0000",7,Male,2.0,MP-413,0.1113981272199777
413,413,"142,0000",7,Male,1.0,MP-414,0.1113981272199777
414,414,"147,0000",7,Male,2.0,MP-415,0.1113981272199777
415,415,"63,0000",6,Female,1.0,MP-416,0.5941233451732144
416,416,"74,0000",4,Female,2.0,MP-417,0.5941233451732144
417,417,"121,0000",3,Male,1.0,MP-418,0.1113981272199777
418,418,"68,0000",1,Female,2.0,MP-419,0.5941233451732144
419,419,"153,0000",1,Female,2.0,MP-420,0.5941233451732144
420,420,"17,0000",0,Male,2.0,MP-421,0.1113981272199777
421,421,"174,0000",0,Female,1.0,MP-422,0.5941233451732144
422,422,"158,0000",0,Female,1.0,MP-423,0.5941233451732144
423,423,"16,0000",0,Male,1.0,MP-424,0.1113981272199777
424,424,"980,0000",86,Male,1.0,MP-425,0.1113981272199777
425,425,"551,0000",53,Male,1.0,MP-426,0.1113981272199777
426,426,"820,0000",47,Female,2.0,MP-427,0.5941233451732144
427,427,"593,0000",36,Male,2.0,MP-428,0.1113981272199777
428,428,"566,0000",31,Male,2.0,MP-429,0.1113981272199777
429,429,"497,0000",28,Male,2.0,MP-430,0.1113981272199777
430,430,"821,0000",24,Female,1.0,MP-431,0.5941233451732144
431,431,"991,0000",83,Male,2.0,MP-432,0.1113981272199777
432,432,"993,0000",76,Female,2.0,MP-433,0.5941233451732144
433,433,"701,0000",65,Male,1.0,MP-434,0.1113981272199777
434,434,"924,0000",64,Male,1.0,MP-435,0.1113981272199777
435,435,"439,0000",64,Male,2.0,MP-436,0.1113981272199777
436,436,"882,0000",63,Male,2.0,MP-437,0.1113981272199777
437,437,"479,0000",60,Male,1.0,MP-438,0.1113981272199777
438,438,"724,0000",58,Male,2.0,MP-439,0.1113981272199777
439,439,"819,0000",58,Female,2.0,MP-440,0.5941233451732144
440,440,"499,0000",58,Male,2.0,MP-441,0.1113981272199777
441,441,"753,0000",57,Female,1.0,MP-442,0.5941233451732144
442,442,"851,0000",57,Male,1.0,MP-443,0.1113981272199777
443,443,"670,0000",56,Male,1.0,MP-444,0.1113981272199777
444,444,"799,0000",55,Female,2.0,MP-445,0.5941233451732144
445,445,"575,0000",55,Male,2.0,MP-446,0.1113981272199777
446,446,"778,0000",54,Female,2.0,MP-447,0.5941233451732144
447,447,"925,0000",52,Male,1.0,MP-448,0.1113981272199777
448,448,"890,0000",52,Female,1.0,MP-449,0.5941233451732144
449,449,"485,0000",51,Male,2.0,MP-450,0.1113981272199777
450,450,"545,0000",51,Male,2.0,MP-451,0.1113981272199777
451,451,"656,0000",49,Male,1.0,MP-452,0.1113981272199777
452,452,"816,0000",48,Female,1.0,MP-453,0.5941233451732144
453,453,"420,0000",47,Male,1.0,MP-454,0.1113981272199777
454,454,"790,0000",45,Female,1.0,MP-455,0.5941233451732144
455,455,"894,0000",43,Female,2.0,MP-456,0.5941233451732144
456,456,"852,0000",42,Male,1.0,MP-457,0.1113981272199777
457,457,"432,0000",42,Male,1.0,MP-458,0.1113981272199777
458,458,"748,0000",41,Male,1.0,MP-459,0.1113981272199777
459,459,"788,0000",41,Female,1.0,MP-460,0.5941233451732144
460,460,"431,0000",40,Male,1.0,MP-461,0.1113981272199777
461,461,"895,0000",40,Female,2.0,MP-462,0.5941233451732144
462,462,"808,0000",39,Female,2.0,MP-463,0.5941233451732144
463,463,"629,0000",38,Male,1.0,MP-464,0.1113981272199777
464,464,"561,0000",37,Male,1.0,MP-465,0.1113981272199777
465,465,"812,0000",36,Female,2.0,MP-466,0.5941233451732144
466,466,"592,0000",36,Male,1.0,MP-467,0.1113981272199777
467,467,"823,0000",36,Female,2.0,MP-468,0.5941233451732144
468,468,"591,0000",35,Male,1.0,MP-469,0.1113981272199777
469,469,"773,0000",34,Female,1.0,MP-470,0.5941233451732144
470,470,"908,0000",33,Female,1.0,MP-471,0.5941233451732144
471,471,"750,0000",33,Male,1.0,MP-472,0.1113981272199777
472,472,"916,0000",31,Male,1.0,MP-473,0.1113981272199777
473,473,"669,0000",31,Male,2.0,MP-474,0.1113981272199777
474,474,"801,0000",31,Female,1.0,MP-475,0.5941233451732144
475,475,"606,0000",30,Male,2.0,MP-476,0.1113981272199777
476,476,"872,0000",26,Male,1.0,MP-477,0.1113981272199777
477,477,"782,0000",26,Female,2.0,MP-478,0.5941233451732144
478,478,"418,0000",26,Male,2.0,MP-479,0.1113981272199777
479,479,"879,0000",26,Male,2.0,MP-480,0.1113981272199777
480,480,"425,0000",25,Male,2.0,MP-481,0.1113981272199777
481,481,"751,0000",21,Male,2.0,MP-482,0.1113981272199777
482,482,"742,0000",20,Male,1.0,MP-483,0.1113981272199777
483,483,"532,0000",20,Male,1.0,MP-484,0.1113981272199777
484,484,"233,0000",19,Male,1.0,MP-485,0.1113981272199777
485,485,"203,0000",19,Male,1.0,MP-486,0.1113981272199777
486,486,"273,0000",18,Female,1.0,MP-487,0.5941233451732144
487,487,"278,0000",18,Female,2.0,MP-488,0.5941233451732144
488,488,"255,0000",18,Male,1.0,MP-489,0.1113981272199777
489,489,"264,0000",17,Female,1.0,MP-490,0.5941233451732144
490,490,"360,0000",17,Male,2.0,MP-491,0.1113981272199777
491,491,"208,0000",17,Male,2.0,MP-492,0.1113981272199777
492,492,"185,0000",17,Male,1.0,MP-493,0.1113981272199777
493,493,"378,0000",17,Female,1.0,MP-494,0.5941233451732144
494,494,"297,0000",15,Male,1.0,MP-495,0.1113981272199777
495,495,"247,0000",15,Male,1.0,MP-496,0.1113981272199777
496,496,"271,0000",15,Female,1.0,MP-497,0.5941233451732144
497,497,"312,0000",15,Male,2.0,MP-498,0.1113981272199777
498,498,"232,0000",14,Male,1.0,MP-499,0.1113981272199777
499,499,"258,0000",14,Male,2.0,MP-500,0.1113981272199777
500,500,"215,0000",14,Male,1.0,MP-501,0.1113981272199777
501,501,"375,0000",13,Female,1.0,MP-502,0.5941233451732144
502,502,"146,0000",12,Male,1.0,MP-503,0.1113981272199777
503,503,"98,0000",10,Female,1.0,MP-504,0.5941233451732144
504,504,"149,0000",8,Female,1.0,MP-505,0.5941233451732144
505,505,"123,0000",8,Male,1.0,MP-506,0.1113981272199777
506,506,"143,0000",5,Male,1.0,MP-507,0.1113981272199777
507,507,"15,0000",4,Male,1.0,MP-508,0.1113981272199777
508,508,"12,0000",1,Male,1.0,MP-509,0.1113981272199777
509,509,"60,0000",1,Female,2.0,MP-510,0.5941233451732144
510,510,"86,0000",1,Female,2.0,MP-511,0.5941233451732144
511,511,"40,0000",0,Male,1.0,MP-512,0.1113981272199777
512,512,"32,0000",0,Male,2.0,MP-513,0.1113981272199777
513,513,"110,0000",0,Female,2.0,MP-514,0.5941233451732144
514,514,"157,0000",0,Female,1.0,MP-515,0.5941233451732144
515,515,"994,0000",93,Female,2.0,MP-516,0.5941233451732144
516,516,"990,0000",84,Male,1.0,MP-517,0.1113981272199777
517,517,"945,0000",80,Female,2.0,MP-518,0.5941233451732144
518,518,"958,0000",77,Male,2.0,MP-519,0.1113981272199777
519,519,"941,0000",71,Female,2.0,MP-520,0.5941233451732144
520,520,"595,0000",63,Male,2.0,MP-521,0.1113981272199777
521,521,"759,0000",61,Female,1.0,MP-522,0.5941233451732144
522,522,"688,0000",57,Male,1.0,MP-523,0.1113981272199777
523,523,"580,0000",57,Male,1.0,MP-524,0.1113981272199777
524,524,"502,0000",55,Male,1.0,MP-525,0.1113981272199777
525,525,"600,0000",55,Male,1.0,MP-526,0.1113981272199777
526,526,"634,0000",55,Male,1.0,MP-527,0.1113981272199777
527,527,"612,0000",52,Male,1.0,MP-528,0.1113981272199777
528,528,"542,0000",49,Male,2.0,MP-529,0.1113981272199777
529,529,"811,0000",48,Female,2.0,MP-530,0.5941233451732144
530,530,"749,0000",46,Male,1.0,MP-531,0.1113981272199777
531,531,"642,0000",45,Male,1.0,MP-532,0.1113981272199777
532,532,"443,0000",44,Male,2.0,MP-533,0.1113981272199777
533,533,"447,0000",43,Male,1.0,MP-534,0.1113981272199777
534,534,"437,0000",43,Male,2.0,MP-535,0.1113981272199777
535,535,"904,0000",42,Female,2.0,MP-536,0.5941233451732144
536,536,"873,0000",42,Male,1.0,MP-537,0.1113981272199777
537,537,"690,0000",42,Male,2.0,MP-538,0.1113981272199777
538,538,"441,0000",40,Male,1.0,MP-539,0.1113981272199777
539,539,"553,0000",39,Male,2.0,MP-540,0.1113981272199777
540,540,"618,0000",38,Male,1.0,MP-541,0.1113981272199777
541,541,"847,0000",38,Male,2.0,MP-542,0.1113981272199777
542,542,"617,0000",37,Male,1.0,MP-543,0.1113981272199777
543,543,"399,0000",36,Male,1.0,MP-544,0.1113981272199777
544,544,"622,0000",36,Male,1.0,MP-545,0.1113981272199777
545,545,"940,0000",34,Female,1.0,MP-546,0.5941233451732144
546,546,"898,0000",33,Female,2.0,MP-547,0.5941233451732144
547,547,"624,0000",33,Male,1.0,MP-548,0.1113981272199777
548,548,"601,0000",30,Male,1.0,MP-549,0.1113981272199777
549,549,"911,0000",28,Female,1.0,MP-550,0.5941233451732144
550,550,"860,0000",25,Male,2.0,MP-551,0.1113981272199777
551,551,"798,0000",25,Female,1.0,MP-552,0.5941233451732144
552,552,"444,0000",22,Male,1.0,MP-553,0.1113981272199777
553,553,"899,0000",21,Female,2.0,MP-554,0.5941233451732144
554,554,"661,0000",21,Male,1.0,MP-555,0.1113981272199777
555,555,"620,0000",20,Male,1.0,MP-556,0.1113981272199777
556,556,"240,0000",19,Male,2.0,MP-557,0.1113981272199777
557,557,"226,0000",19,Male,1.0,MP-558,0.1113981272199777
558,558,"419,0000",19,Male,1.0,MP-559,0.1113981272199777
559,559,"195,0000",19,Male,2.0,MP-560,0.1113981272199777
560,560,"746,0000",19,Male,2.0,MP-561,0.1113981272199777
561,561,"194,0000",18,Male,2.0,MP-562,0.1113981272199777
562,562,"339,0000",18,Male,2.0,MP-563,0.1113981272199777
563,563,"371,0000",17,Female,2.0,MP-564,0.5941233451732144
564,564,"368,0000",17,Male,1.0,MP-565,0.1113981272199777
565,565,"238,0000",17,Male,2.0,MP-566,0.1113981272199777
566,566,"383,0000",16,Female,1.0,MP-567,0.5941233451732144
567,567,"385,0000",16,Female,1.0,MP-568,0.5941233451732144
568,568,"251,0000",15,Male,2.0,MP-569,0.1113981272199777
569,569,"198,0000",15,Male,2.0,MP-570,0.1113981272199777
570,570,"182,0000",15,Male,2.0,MP-571,0.1113981272199777
571,571,"359,0000",14,Male,1.0,MP-572,0.1113981272199777
572,572,"300,0000",14,Male,1.0,MP-573,0.1113981272199777
573,573,"201,0000",13,Male,2.0,MP-574,0.1113981272199777
574,574,"150,0000",11,Female,2.0,MP-575,0.5941233451732144
575,575,"97,0000",11,Female,2.0,MP-576,0.5941233451732144
576,576,"18,0000",10,Male,2.0,MP-577,0.1113981272199777
577,577,"93,0000",7,Female,1.0,MP-578,0.5941233451732144
578,578,"10,0000",6,Male,1.0,MP-579,0.1113981272199777
579,579,"82,0000",6,Female,2.0,MP-580,0.5941233451732144
580,580,"75,0000",5,Female,2.0,MP-581,0.5941233451732144
581,581,"95,0000",4,Female,1.0,MP-582,0.5941233451732144
582,582,"76,0000",3,Female,2.0,MP-583,0.5941233451732144
583,583,"37,0000",1,Male,1.0,MP-584,0.1113981272199777
584,584,"943,0000",86,Female,2.0,MP-585,0.5941233451732144
585,585,"959,0000",81,Male,2.0,MP-586,0.1113981272199777
586,586,"578,0000",62,Male,2.0,MP-587,0.1113981272199777
587,587,"537,0000",56,Male,1.0,MP-588,0.1113981272199777
588,588,"610,0000",54,Male,1.0,MP-589,0.1113981272199777
589,589,"907,0000",53,Female,2.0,MP-590,0.5941233451732144
590,590,"579,0000",51,Male,2.0,MP-591,0.1113981272199777
591,591,"521,0000",49,Male,1.0,MP-592,0.1113981272199777
592,592,"756,0000",44,Female,2.0,MP-593,0.5941233451732144
593,593,"880,0000",33,Male,1.0,MP-594,0.1113981272199777
594,594,"655,0000",33,Male,2.0,MP-595,0.1113981272199777
595,595,"818,0000",32,Female,1.0,MP-596,0.5941233451732144
596,596,"744,0000",30,Male,2.0,MP-597,0.1113981272199777
597,597,"710,0000",27,Male,2.0,MP-598,0.1113981272199777
598,598,"886,0000",27,Female,2.0,MP-599,0.5941233451732144
599,599,"660,0000",27,Male,2.0,MP-600,0.1113981272199777
600,600,"539,0000",21,Male,2.0,MP-601,0.1113981272199777
601,601,"480,0000",20,Male,2.0,MP-602,0.1113981272199777
602,602,"334,0000",14,Male,2.0,MP-603,0.1113981272199777
603,603,"345,0000",13,Male,2.0,MP-604,0.1113981272199777
604,604,"351,0000",13,Male,1.0,MP-605,0.1113981272199777
605,605,"46,0000",11,Male,2.0,MP-606,0.1113981272199777
606,606,"152,0000",8,Female,2.0,MP-607,0.5941233451732144
607,607,"7,0000",6,Male,1.0,MP-608,0.1113981272199777
608,608,"108,0000",5,Female,1.0,MP-609,0.5941233451732144
609,609,"145,0000",4,Male,1.0,MP-610,0.1113981272199777
610,610,"19,0000",3,Male,1.0,MP-611,0.1113981272199777
611,611,"984,0000",98,Male,2.0,MP-612,0.1113981272199777
612,612,"963,0000",91,Male,1.0,MP-613,0.1113981272199777
613,613,"974,0000",81,Male,1.0,MP-614,0.1113981272199777
614,614,"955,0000",78,Male,2.0,MP-615,0.1113981272199777
615,615,"966,0000",69,Male,1.0,MP-616,0.1113981272199777
616,616,"846,0000",65,Male,2.0,MP-617,0.1113981272199777
617,617,"730,0000",64,Male,2.0,MP-618,0.1113981272199777
618,618,"598,0000",59,Male,2.0,MP-619,0.1113981272199777
619,619,"633,0000",57,Male,1.0,MP-620,0.1113981272199777
620,620,"407,0000",56,Male,1.0,MP-621,0.1113981272199777
621,621,"524,0000",54,Male,2.0,MP-622,0.1113981272199777
622,622,"401,0000",54,Male,1.0,MP-623,0.1113981272199777
623,623,"442,0000",54,Male,2.0,MP-624,0.1113981272199777
624,624,"839,0000",53,Female,1.0,MP-625,0.5941233451732144
625,625,"607,0000",51,Male,1.0,MP-626,0.1113981272199777
626,626,"550,0000",50,Male,1.0,MP-627,0.1113981272199777
627,627,"896,0000",49,Female,2.0,MP-628,0.5941233451732144
628,628,"518,0000",49,Male,2.0,MP-629,0.1113981272199777
629,629,"523,0000",47,Male,2.0,MP-630,0.1113981272199777
630,630,"410,0000",47,Male,2.0,MP-631,0.1113981272199777
631,631,"453,0000",45,Male,2.0,MP-632,0.1113981272199777
632,632,"789,0000",44,Female,1.0,MP-633,0.5941233451732144
633,633,"458,0000",43,Male,1.0,MP-634,0.1113981272199777
634,634,"505,0000",42,Male,2.0,MP-635,0.1113981272199777
635,635,"681,0000",42,Male,2.0,MP-636,0.1113981272199777
636,636,"424,0000",41,Male,1.0,MP-637,0.1113981272199777
637,637,"857,0000",40,Male,2.0,MP-638,0.1113981272199777
638,638,"937,0000",38,Female,1.0,MP-639,0.5941233451732144
639,639,"645,0000",37,Male,1.0,MP-640,0.1113981272199777
640,640,"732,0000",36,Male,1.0,MP-641,0.1113981272199777
641,641,"482,0000",36,Male,1.0,MP-642,0.1113981272199777
642,642,"687,0000",34,Male,2.0,MP-643,0.1113981272199777
643,643,"739,0000",33,Male,1.0,MP-644,0.1113981272199777
644,644,"461,0000",33,Male,2.0,MP-645,0.1113981272199777
645,645,"685,0000",33,Male,1.0,MP-646,0.1113981272199777
646,646,"889,0000",32,Female,1.0,MP-647,0.5941233451732144
647,647,"570,0000",30,Male,1.0,MP-648,0.1113981272199777
648,648,"554,0000",29,Male,2.0,MP-649,0.1113981272199777
649,649,"714,0000",29,Male,1.0,MP-650,0.1113981272199777
650,650,"814,0000",27,Female,1.0,MP-651,0.5941233451732144
651,651,"762,0000",26,Female,1.0,MP-652,0.5941233451732144
652,652,"740,0000",25,Male,1.0,MP-653,0.1113981272199777
653,653,"826,0000",24,Female,1.0,MP-654,0.5941233451732144
654,654,"923,0000",23,Male,1.0,MP-655,0.1113981272199777
655,655,"603,0000",22,Male,1.0,MP-656,0.1113981272199777
656,656,"704,0000",22,Male,1.0,MP-657,0.1113981272199777
657,657,"393,0000",21,Male,2.0,MP-658,0.1113981272199777
658,658,"785,0000",20,Female,2.0,MP-659,0.5941233451732144
659,659,"830,0000",20,Female,1.0,MP-660,0.5941233451732144
660,660,"721,0000",20,Male,1.0,MP-661,0.1113981272199777
661,661,"193,0000",19,Male,2.0,MP-662,0.1113981272199777
662,662,"270,0000",19,Female,2.0,MP-663,0.5941233451732144
663,663,"318,0000",18,Male,2.0,MP-664,0.1113981272199777
664,664,"314,0000",18,Male,1.0,MP-665,0.1113981272199777
665,665,"217,0000",18,Male,2.0,MP-666,0.1113981272199777
666,666,"370,0000",16,Female,1.0,MP-667,0.5941233451732144
667,667,"177,0000",16,Male,2.0,MP-668,0.1113981272199777
668,668,"390,0000",15,Female,1.0,MP-669,0.5941233451732144
669,669,"327,0000",15,Male,1.0,MP-670,0.1113981272199777
670,670,"291,0000",14,Male,2.0,MP-671,0.1113981272199777
671,671,"287,0000",14,Female,1.0,MP-672,0.5941233451732144
672,672,"276,0000",14,Female,2.0,MP-673,0.5941233451732144
673,673,"31,0000",12,Male,2.0,MP-674,0.1113981272199777
674,674,"58,0000",12,Female,2.0,MP-675,0.5941233451732144
675,675,"105,0000",11,Female,1.0,MP-676,0.5941233451732144
676,676,"72,0000",11,Female,1.0,MP-677,0.5941233451732144
677,677,"102,0000",11,Female,1.0,MP-678,0.5941233451732144
678,678,"88,0000",10,Female,1.0,MP-679,0.5941233451732144
679,679,"67,0000",9,Female,2.0,MP-680,0.5941233451732144
680,680,"160,0000",9,Female,2.0,MP-681,0.5941233451732144
681,681,"118,0000",9,Male,1.0,MP-682,0.1113981272199777
682,682,"47,0000",7,Male,1.0,MP-683,0.1113981272199777
683,683,"126,0000",6,Male,1.0,MP-684,0.1113981272199777
684,684,"91,0000",6,Female,2.0,MP-685,0.5941233451732144
685,685,"73,0000",5,Female,1.0,MP-686,0.5941233451732144
686,686,"138,0000",5,Male,1.0,MP-687,0.1113981272199777
687,687,"36,0000",5,Male,1.0,MP-688,0.1113981272199777
688,688,"113,0000",5,Female,1.0,MP-689,0.5941233451732144
689,689,"20,0000",3,Male,1.0,MP-690,0.1113981272199777
690,690,"162,0000",3,Female,2.0,MP-691,0.5941233451732144
691,691,"8,0000",3,Male,2.0,MP-692,0.1113981272199777
692,692,"9,0000",2,Male,2.0,MP-693,0.1113981272199777
693,693,"167,0000",2,Female,2.0,MP-694,0.5941233451732144
694,694,"84,0000",2,Female,2.0,MP-695,0.5941233451732144
695,695,"41,0000",2,Male,1.0,MP-696,0.1113981272199777
696,696,"999,0000",93,Female,1.0,MP-697,0.5941233451732144
697,697,"807,0000",62,Female,1.0,MP-698,0.5941233451732144
698,698,"696,0000",61,Male,2.0,MP-699,0.1113981272199777
699,699,"501,0000",59,Male,1.0,MP-700,0.1113981272199777
700,700,"757,0000",52,Female,2.0,MP-701,0.5941233451732144
701,701,"536,0000",50,Male,1.0,MP-702,0.1113981272199777
702,702,"498,0000",48,Male,1.0,MP-703,0.1113981272199777
703,703,"548,0000",45,Male,1.0,MP-704,0.1113981272199777
704,704,"584,0000",44,Male,2.0,MP-705,0.1113981272199777
705,705,"663,0000",30,Male,2.0,MP-706,0.1113981272199777
706,706,"510,0000",25,Male,2.0,MP-707,0.1113981272199777
707,707,"786,0000",22,Female,1.0,MP-708,0.5941233451732144
708,708,"376,0000",19,Female,2.0,MP-709,0.5941233451732144
709,709,"337,0000",19,Male,2.0,MP-710,0.1113981272199777
710,710,"562,0000",18,Male,1.0,MP-711,0.1113981272199777
711,711,"179,0000",15,Male,2.0,MP-712,0.1113981272199777
712,712,"268,0000",15,Female,2.0,MP-713,0.5941233451732144
713,713,"221,0000",14,Male,1.0,MP-714,0.1113981272199777
714,714,"214,0000",14,Male,2.0,MP-715,0.1113981272199777
715,715,"356,0000",13,Male,1.0,MP-716,0.1113981272199777
716,716,"42,0000",12,Male,2.0,MP-717,0.1113981272199777
717,717,"116,0000",7,Female,2.0,MP-718,0.5941233451732144
718,718,"148,0000",7,Male,2.0,MP-719,0.1113981272199777
719,719,"171,0000",6,Female,2.0,MP-720,0.5941233451732144
720,720,"115,0000",2,Female,2.0,MP-721,0.5941233451732144
721,721,"14,0000",2,Male,1.0,MP-722,0.1113981272199777
722,722,"78,0000",1,Female,2.0,MP-723,0.5941233451732144
723,723,"978,0000",75,Male,2.0,MP-724,0.1113981272199777
724,724,"968,0000",72,Male,1.0,MP-725,0.1113981272199777
725,725,"951,0000",71,Male,2.0,MP-726,0.1113981272199777
726,726,"973,0000",68,Male,2.0,MP-727,0.1113981272199777
727,727,"888,0000",64,Female,2.0,MP-728,0.5941233451732144
728,728,"452,0000",63,Male,2.0,MP-729,0.1113981272199777
729,729,"639,0000",63,Male,2.0,MP-730,0.1113981272199777
730,730,"912,0000",60,Female,1.0,MP-731,0.5941233451732144
731,731,"546,0000",56,Male,1.0,MP-732,0.1113981272199777
732,732,"777,0000",54,Female,1.0,MP-733,0.5941233451732144
733,733,"712,0000",54,Male,2.0,MP-734,0.1113981272199777
734,734,"429,0000",46,Male,2.0,MP-735,0.1113981272199777
735,735,"414,0000",45,Male,2.0,MP-736,0.1113981272199777
736,736,"800,0000",45,Female,1.0,MP-737,0.5941233451732144
737,737,"901,0000",43,Female,2.0,MP-738,0.5941233451732144
738,738,"486,0000",40,Male,2.0,MP-739,0.1113981272199777
739,739,"506,0000",39,Male,2.0,MP-740,0.1113981272199777
740,740,"652,0000",39,Male,2.0,MP-741,0.1113981272199777
741,741,"831,0000",38,Female,2.0,MP-742,0.5941233451732144
742,742,"881,0000",36,Male,1.0,MP-743,0.1113981272199777
743,743,"517,0000",35,Male,1.0,MP-744,0.1113981272199777
744,744,"404,0000",33,Male,1.0,MP-745,0.1113981272199777
745,745,"540,0000",33,Male,1.0,MP-746,0.1113981272199777
746,746,"754,0000",30,Female,1.0,MP-747,0.5941233451732144
747,747,"733,0000",24,Male,1.0,MP-748,0.1113981272199777
748,748,"919,0000",18,Male,1.0,MP-749,0.1113981272199777
749,749,"262,0000",18,Female,1.0,MP-750,0.5941233451732144
750,750,"202,0000",17,Male,1.0,MP-751,0.1113981272199777
751,751,"222,0000",17,Male,1.0,MP-752,0.1113981272199777
752,752,"49,0000",10,Female,2.0,MP-753,0.5941233451732144
753,753,"65,0000",8,Female,2.0,MP-754,0.5941233451732144
754,754,"169,0000",5,Female,2.0,MP-755,0.5941233451732144
755,755,"94,0000",5,Female,1.0,MP-756,0.5941233451732144
756,756,"62,0000",1,Female,2.0,MP-757,0.5941233451732144
757,757,"988,0000",82,Male,2.0,MP-758,0.1113981272199777
758,758,"927,0000",65,Male,1.0,MP-759,0.1113981272199777
759,759,"582,0000",62,Male,1.0,MP-760,0.1113981272199777
760,760,"705,0000",57,Male,2.0,MP-761,0.1113981272199777
761,761,"731,0000",52,Male,2.0,MP-762,0.1113981272199777
762,762,"631,0000",48,Male,1.0,MP-763,0.1113981272199777
763,763,"609,0000",43,Male,1.0,MP-764,0.1113981272199777
764,764,"594,0000",42,Male,2.0,MP-765,0.1113981272199777
765,765,"693,0000",41,Male,1.0,MP-766,0.1113981272199777
766,766,"543,0000",40,Male,1.0,MP-767,0.1113981272199777
767,767,"581,0000",39,Male,1.0,MP-768,0.1113981272199777
768,768,"549,0000",37,Male,1.0,MP-769,0.1113981272199777
769,769,"702,0000",33,Male,1.0,MP-770,0.1113981272199777
770,770,"428,0000",31,Male,1.0,MP-771,0.1113981272199777
771,771,"855,0000",28,Male,1.0,MP-772,0.1113981272199777
772,772,"877,0000",25,Male,2.0,MP-773,0.1113981272199777
773,773,"315,0000",19,Male,2.0,MP-774,0.1113981272199777
774,774,"290,0000",19,Female,2.0,MP-775,0.5941233451732144
775,775,"330,0000",19,Male,1.0,MP-776,0.1113981272199777
776,776,"614,0000",18,Male,1.0,MP-777,0.1113981272199777
777,777,"384,0000",18,Female,2.0,MP-778,0.5941233451732144
778,778,"243,0000",17,Male,2.0,MP-779,0.1113981272199777
779,779,"284,0000",16,Female,1.0,MP-780,0.5941233451732144
780,780,"364,0000",13,Male,2.0,MP-781,0.1113981272199777
781,781,"323,0000",13,Male,1.0,MP-782,0.1113981272199777
782,782,"111,0000",12,Female,2.0,MP-783,0.5941233451732144
783,783,"70,0000",12,Female,1.0,MP-784,0.5941233451732144
784,784,"48,0000",5,Male,1.0,MP-785,0.1113981272199777
785,785,"3,0000",2,Male,2.0,MP-786,0.1113981272199777
786,786,"166,0000",2,Female,1.0,MP-787,0.5941233451732144
787,787,"80,0000",1,Female,2.0,MP-788,0.5941233451732144
788,788,"44,0000",1,Male,2.0,MP-789,0.1113981272199777
789,789,"983,0000",89,Male,2.0,MP-790,0.1113981272199777
790,790,"743,0000",60,Male,1.0,MP-791,0.1113981272199777
791,791,"706,0000",60,Male,1.0,MP-792,0.1113981272199777
792,792,"845,0000",59,Male,2.0,MP-793,0.1113981272199777
793,793,"472,0000",55,Male,2.0,MP-794,0.1113981272199777
794,794,"487,0000",54,Male,1.0,MP-795,0.1113981272199777
795,795,"406,0000",50,Male,2.0,MP-796,0.1113981272199777
796,796,"605,0000",49,Male,1.0,MP-797,0.1113981272199777
797,797,"815,0000",43,Female,2.0,MP-798,0.5941233451732144
798,798,"507,0000",37,Male,2.0,MP-799,0.1113981272199777
799,799,"583,0000",35,Male,1.0,MP-800,0.1113981272199777
800,800,"520,0000",33,Male,2.0,MP-801,0.1113981272199777
801,801,"455,0000",31,Male,1.0,MP-802,0.1113981272199777
802,802,"596,0000",24,Male,2.0,MP-803,0.1113981272199777
803,803,"932,0000",23,Female,1.0,MP-804,0.5941233451732144
804,804,"369,0000",19,Male,1.0,MP-805,0.1113981272199777
805,805,"308,0000",19,Male,1.0,MP-806,0.1113981272199777
806,806,"392,0000",18,Male,2.0,MP-807,0.1113981272199777
807,807,"298,0000",18,Male,1.0,MP-808,0.1113981272199777
808,808,"260,0000",17,Female,1.0,MP-809,0.5941233451732144
809,809,"210,0000",15,Male,2.0,MP-810,0.1113981272199777
810,810,"244,0000",14,Male,1.0,MP-811,0.1113981272199777
811,811,"346,0000",13,Male,2.0,MP-812,0.1113981272199777
812,812,"311,0000",13,Male,1.0,MP-813,0.1113981272199777
813,813,"353,0000",13,Male,2.0,MP-814,0.1113981272199777
814,814,"129,0000",9,Male,2.0,MP-815,0.1113981272199777
815,815,"57,0000",8,Female,2.0,MP-816,0.5941233451732144
816,816,"965,0000",94,Male,1.0,MP-817,0.1113981272199777
817,817,"995,0000",90,Female,1.0,MP-818,0.5941233451732144
818,818,"949,0000",89,Male,2.0,MP-819,0.1113981272199777
819,819,"961,0000",71,Male,2.0,MP-820,0.1113981272199777
820,820,"915,0000",65,Male,1.0,MP-821,0.1113981272199777
821,821,"573,0000",65,Male,1.0,MP-822,0.1113981272199777
822,822,"449,0000",65,Male,2.0,MP-823,0.1113981272199777
823,823,"674,0000",64,Male,2.0,MP-824,0.1113981272199777
824,824,"809,0000",63,Female,2.0,MP-825,0.5941233451732144
825,825,"528,0000",62,Male,2.0,MP-826,0.1113981272199777
826,826,"763,0000",60,Female,2.0,MP-827,0.5941233451732144
827,827,"577,0000",60,Male,2.0,MP-828,0.1113981272199777
828,828,"697,0000",59,Male,2.0,MP-829,0.1113981272199777
829,829,"564,0000",58,Male,1.0,MP-830,0.1113981272199777
830,830,"787,0000",56,Female,1.0,MP-831,0.5941233451732144
831,831,"636,0000",54,Male,1.0,MP-832,0.1113981272199777
832,832,"658,0000",53,Male,1.0,MP-833,0.1113981272199777
833,833,"917,0000",49,Male,2.0,MP-834,0.1113981272199777
834,834,"616,0000",48,Male,2.0,MP-835,0.1113981272199777
835,835,"707,0000",47,Male,2.0,MP-836,0.1113981272199777
836,836,"775,0000",43,Female,1.0,MP-837,0.5941233451732144
837,837,"478,0000",43,Male,1.0,MP-838,0.1113981272199777
838,838,"784,0000",42,Female,1.0,MP-839,0.5941233451732144
839,839,"892,0000",42,Female,1.0,MP-840,0.5941233451732144
840,840,"666,0000",40,Male,2.0,MP-841,0.1113981272199777
841,841,"825,0000",39,Female,1.0,MP-842,0.5941233451732144
842,842,"883,0000",35,Male,1.0,MP-843,0.1113981272199777
843,843,"647,0000",35,Male,1.0,MP-844,0.1113981272199777
844,844,"922,0000",34,Male,2.0,MP-845,0.1113981272199777
845,845,"679,0000",33,Male,1.0,MP-846,0.1113981272199777
846,846,"462,0000",33,Male,1.0,MP-847,0.1113981272199777
847,847,"530,0000",32,Male,1.0,MP-848,0.1113981272199777
848,848,"533,0000",30,Male,1.0,MP-849,0.1113981272199777
849,849,"541,0000",29,Male,1.0,MP-850,0.1113981272199777
850,850,"555,0000",24,Male,1.0,MP-851,0.1113981272199777
851,851,"810,0000",24,Female,2.0,MP-852,0.5941233451732144
852,852,"832,0000",23,Female,2.0,MP-853,0.5941233451732144
853,853,"828,0000",23,Female,1.0,MP-854,0.5941233451732144
854,854,"884,0000",21,Female,1.0,MP-855,0.5941233451732144
855,855,"206,0000",19,Male,2.0,MP-856,0.1113981272199777
856,856,"245,0000",19,Male,2.0,MP-857,0.1113981272199777
857,857,"362,0000",19,Male,2.0,MP-858,0.1113981272199777
858,858,"340,0000",19,Male,1.0,MP-859,0.1113981272199777
859,859,"611,0000",19,Male,2.0,MP-860,0.1113981272199777
860,860,"893,0000",19,Female,2.0,MP-861,0.5941233451732144
861,861,"200,0000",18,Male,2.0,MP-862,0.1113981272199777
862,862,"212,0000",18,Male,1.0,MP-863,0.1113981272199777
863,863,"277,0000",18,Female,2.0,MP-864,0.5941233451732144
864,864,"869,0000",18,Male,2.0,MP-865,0.1113981272199777
865,865,"678,0000",18,Male,1.0,MP-866,0.1113981272199777
866,866,"250,0000",17,Male,2.0,MP-867,0.1113981272199777
867,867,"309,0000",17,Male,2.0,MP-868,0.1113981272199777
868,868,"263,0000",17,Female,2.0,MP-869,0.5941233451732144
869,869,"211,0000",16,Male,2.0,MP-870,0.1113981272199777
870,870,"246,0000",16,Male,1.0,MP-871,0.1113981272199777
871,871,"331,0000",16,Male,1.0,MP-872,0.1113981272199777
872,872,"252,0000",16,Male,2.0,MP-873,0.1113981272199777
873,873,"306,0000",16,Male,1.0,MP-874,0.1113981272199777
874,874,"294,0000",15,Male,2.0,MP-875,0.1113981272199777
875,875,"303,0000",14,Male,2.0,MP-876,0.1113981272199777
876,876,"180,0000",14,Male,1.0,MP-877,0.1113981272199777
877,877,"316,0000",13,Male,2.0,MP-878,0.1113981272199777
878,878,"176,0000",13,Male,1.0,MP-879,0.1113981272199777
879,879,"122,0000",7,Male,2.0,MP-880,0.1113981272199777
880,880,"61,0000",6,Female,2.0,MP-881,0.5941233451732144
881,881,"35,0000",6,Male,1.0,MP-882,0.1113981272199777
882,882,"117,0000",5,Female,2.0,MP-883,0.5941233451732144
883,883,"106,0000",1,Female,2.0,MP-884,0.5941233451732144
884,884,"156,0000",1,Female,2.0,MP-885,0.5941233451732144
885,885,"54,0000",0,Female,1.0,MP-886,0.5941233451732144
886,886,"159,0000",0,Female,1.0,MP-887,0.5941233451732144
887,887,"133,0000",0,Male,1.0,MP-888,0.1113981272199777
888,888,"971,0000",80,Male,2.0,MP-889,0.1113981272199777
889,889,"514,0000",65,Male,2.0,MP-890,0.1113981272199777
890,890,"525,0000",40,Male,2.0,MP-891,0.1113981272199777
891,891,"513,0000",31,Male,1.0,MP-892,0.1113981272199777
892,892,"822,0000",23,Female,2.0,MP-893,0.5941233451732144
893,893,"192,0000",17,Male,1.0,MP-894,0.1113981272199777
894,894,"329,0000",15,Male,1.0,MP-895,0.1113981272199777
895,895,"500,0000",52,Male,2.0,MP-896,0.1113981272199777
896,896,"929,0000",51,Male,1.0,MP-897,0.1113981272199777
897,897,"718,0000",40,Male,2.0,MP-898,0.1113981272199777
898,898,"491,0000",31,Male,2.0,MP-899,0.1113981272199777
899,899,"394,0000",28,Male,2.0,MP-900,0.1113981272199777
900,900,"352,0000",19,Male,2.0,MP-901,0.1113981272199777
901,901,"389,0000",16,Female,1.0,MP-902,0.5941233451732144
902,902,"188,0000",14,Male,2.0,MP-903,0.1113981272199777
903,903,"30,0000",9,Male,1.0,MP-904,0.1113981272199777
904,904,"53,0000",8,Female,2.0,MP-905,0.5941233451732144
905,905,"982,0000",97,Male,1.0,MP-906,0.1113981272199777
906,906,"565,0000",53,Male,1.0,MP-907,0.1113981272199777
907,907,"512,0000",35,Male,1.0,MP-908,0.1113981272199777
908,908,"715,0000",34,Male,1.0,MP-909,0.1113981272199777
909,909,"338,0000",18,Male,1.0,MP-910,0.1113981272199777
910,910,"186,0000",17,Male,2.0,MP-911,0.1113981272199777
911,911,"947,0000",91,Male,1.0,MP-912,0.1113981272199777
912,912,"977,0000",90,Male,2.0,MP-913,0.1113981272199777
913,913,"957,0000",85,Male,2.0,MP-914,0.1113981272199777
914,914,"920,0000",65,Male,2.0,MP-915,0.1113981272199777
915,915,"921,0000",65,Male,1.0,MP-916,0.1113981272199777
916,916,"900,0000",64,Female,1.0,MP-917,0.5941233451732144
917,917,"837,0000",62,Female,2.0,MP-918,0.5941233451732144
918,918,"797,0000",62,Female,1.0,MP-919,0.5941233451732144
919,919,"604,0000",60,Male,2.0,MP-920,0.1113981272199777
920,920,"457,0000",60,Male,2.0,MP-921,0.1113981272199777
921,921,"464,0000",60,Male,1.0,MP-922,0.1113981272199777
922,922,"833,0000",59,Female,2.0,MP-923,0.5941233451732144
923,923,"792,0000",59,Female,1.0,MP-924,0.5941233451732144
924,924,"413,0000",58,Male,2.0,MP-925,0.1113981272199777
925,925,"468,0000",57,Male,2.0,MP-926,0.1113981272199777
926,926,"689,0000",57,Male,1.0,MP-927,0.1113981272199777
927,927,"838,0000",56,Female,2.0,MP-928,0.5941233451732144
928,928,"834,0000",55,Female,1.0,MP-929,0.5941233451732144
929,929,"930,0000",53,Male,1.0,MP-930,0.1113981272199777
930,930,"764,0000",53,Female,2.0,MP-931,0.5941233451732144
931,931,"692,0000",52,Male,2.0,MP-932,0.1113981272199777
932,932,"725,0000",52,Male,1.0,MP-933,0.1113981272199777
933,933,"597,0000",51,Male,1.0,MP-934,0.1113981272199777
934,934,"695,0000",51,Male,1.0,MP-935,0.1113981272199777
935,935,"844,0000",51,Male,1.0,MP-936,0.1113981272199777
936,936,"558,0000",51,Male,2.0,MP-937,0.1113981272199777
937,937,"488,0000",49,Male,2.0,MP-938,0.1113981272199777
938,938,"508,0000",46,Male,1.0,MP-939,0.1113981272199777
939,939,"511,0000",43,Male,2.0,MP-940,0.1113981272199777
940,940,"621,0000",41,Male,2.0,MP-941,0.1113981272199777
941,941,"755,0000",41,Female,2.0,MP-942,0.5941233451732144
942,942,"906,0000",40,Female,1.0,MP-943,0.5941233451732144
943,943,"403,0000",40,Male,1.0,MP-944,0.1113981272199777
944,944,"469,0000",39,Male,2.0,MP-945,0.1113981272199777
945,945,"902,0000",38,Female,1.0,MP-946,0.5941233451732144
946,946,"572,0000",37,Male,2.0,MP-947,0.1113981272199777
947,947,"552,0000",35,Male,1.0,MP-948,0.1113981272199777
948,948,"717,0000",33,Male,1.0,MP-949,0.1113981272199777
949,949,"827,0000",33,Female,1.0,MP-950,0.5941233451732144
950,950,"492,0000",32,Male,1.0,MP-951,0.1113981272199777
951,951,"878,0000",31,Male,2.0,MP-952,0.1113981272199777
952,952,"433,0000",30,Male,1.0,MP-953,0.1113981272199777
953,953,"781,0000",29,Female,2.0,MP-954,0.5941233451732144
954,954,"623,0000",27,Male,2.0,MP-955,0.1113981272199777
955,955,"657,0000",26,Male,2.0,MP-956,0.1113981272199777
956,956,"824,0000",26,Female,1.0,MP-957,0.5941233451732144
957,957,"446,0000",25,Male,2.0,MP-958,0.1113981272199777
958,958,"856,0000",24,Male,1.0,MP-959,0.1113981272199777
959,959,"544,0000",22,Male,2.0,MP-960,0.1113981272199777
960,960,"887,0000",22,Female,1.0,MP-961,0.5941233451732144
961,961,"736,0000",21,Male,1.0,MP-962,0.1113981272199777
962,962,"905,0000",20,Female,2.0,MP-963,0.5941233451732144
963,963,"770,0000",20,Female,2.0,MP-964,0.5941233451732144
964,964,"646,0000",19,Male,2.0,MP-965,0.1113981272199777
965,965,"272,0000",18,Female,1.0,MP-966,0.5941233451732144
966,966,"335,0000",18,Male,1.0,MP-967,0.1113981272199777
967,967,"313,0000",18,Male,1.0,MP-968,0.1113981272199777
968,968,"190,0000",17,Male,1.0,MP-969,0.1113981272199777
969,969,"333,0000",17,Male,2.0,MP-970,0.1113981272199777
970,970,"219,0000",17,Male,1.0,MP-971,0.1113981272199777
971,971,"374,0000",16,Female,1.0,MP-972,0.5941233451732144
972,972,"225,0000",16,Male,1.0,MP-973,0.1113981272199777
973,973,"187,0000",16,Male,1.0,MP-974,0.1113981272199777
974,974,"341,0000",15,Male,1.0,MP-975,0.1113981272199777
975,975,"379,0000",15,Female,2.0,MP-976,0.5941233451732144
976,976,"307,0000",15,Male,2.0,MP-977,0.1113981272199777
977,977,"257,0000",14,Male,1.0,MP-978,0.1113981272199777
978,978,"235,0000",13,Male,1.0,MP-979,0.1113981272199777
979,979,"205,0000",13,Male,2.0,MP-980,0.1113981272199777
980,980,"302,0000",13,Male,2.0,MP-981,0.1113981272199777
981,981,"367,0000",13,Male,2.0,MP-982,0.1113981272199777
982,982,"261,0000",13,Female,2.0,MP-983,0.5941233451732144
983,983,"25,0000",11,Male,1.0,MP-984,0.1113981272199777
984,984,"50,0000",10,Female,1.0,MP-985,0.5941233451732144
985,985,"137,0000",10,Male,2.0,MP-986,0.1113981272199777
986,986,"51,0000",9,Female,2.0,MP-987,0.5941233451732144
987,987,"168,0000",9,Female,1.0,MP-988,0.5941233451732144
988,988,"27,0000",6,Male,1.0,MP-989,0.1113981272199777
989,989,"89,0000",6,Female,1.0,MP-990,0.5941233451732144
990,990,"173,0000",5,Female,2.0,MP-991,0.5941233451732144
991,991,"175,0000",5,Female,1.0,MP-992,0.5941233451732144
992,992,"127,0000",5,Male,2.0,MP-993,0.1113981272199777
993,993,"23,0000",5,Male,1.0,MP-994,0.1113981272199777
994,994,"55,0000",4,Female,2.0,MP-995,0.5941233451732144
995,995,"45,0000",4,Male,1.0,MP-996,0.1113981272199777
996,996,"28,0000",3,Male,1.0,MP-997,0.1113981272199777
997,997,"135,0000",2,Male,2.0,MP-998,0.1113981272199777
998,998,"21,0000",2,Male,1.0,MP-999,0.1113981272199777
999,999,"140,0000",1,Male,2.0,MP-1000,0.1113981272199777
1000,1000,"30016,0000",34,Male,,MP-1001,0.1113981272199777
1001,1001,"30022,0000",36,Male,,MP-1002,0.1113981272199777
1002,1002,"30048,0000",36,Male,,MP-1003,0.1113981272199777
1003,1003,"30061,0000",24,Male,,MP-1004,0.1113981272199777
1004,1004,"30063,0000",34,Male,,MP-1005,0.1113981272199777
1005,1005,"30064,0000",29,Male,,MP-1006,0.1113981272199777
1006,1006,"30106,0000",25,Male,,MP-1007,0.1113981272199777
1007,1007,"30110,0000",20,Male,,MP-1008,0.1113981272199777
1008,1008,"30160,0000",31,Male,,MP-1009,0.1113981272199777
1009,1009,"30202,0000",78,Male,,MP-1010,0.1113981272199777
1010,1010,"30203,0000",64,Female,,MP-1011,0.5941233451732144
1011,1011,"30248,0000",35,Male,,MP-1012,0.1113981272199777
1012,1012,"30251,0000",32,Male,,MP-1013,0.1113981272199777
1013,1013,"30347,0000",37,Male,,MP-1014,0.1113981272199777
1014,1014,"30349,0000",40,Male,,MP-1015,0.1113981272199777
1015,1015,"30352,0000",18,Male,,MP-1016,0.1113981272199777
1016,1016,"30423,0000",21,Male,,MP-1017,0.1113981272199777
1017,1017,"30424,0000",20,Male,,MP-1018,0.1113981272199777
1018,1018,"30428,0000",31,Male,,MP-1019,0.1113981272199777
1019,1019,"30476,0000",23,Male,,MP-1020,0.1113981272199777
1020,1020,"30487,0000",23,Male,,MP-1021,0.1113981272199777
1021,1021,"30649,0000",23,Male,,MP-1022,0.1113981272199777
1022,1022,"30694,0000",54,Male,,MP-1023,0.1113981272199777
1023,1023,"30738,0000",49,Female,,MP-1024,0.5941233451732144
1024,1024,"30739,0000",?,Male,,MP-1025,0.1113981272199777
1025,1025,"30747,0000",69,Male,,MP-1026,0.1113981272199777
1026,1026,"30807,0000",83,Female,,MP-1027,0.5941233451732144
1027,1027,"53033,0000",20,Male,,MP-1028,0.1113981272199777
1028,1028,"53161,0000",24,Male,,MP-1029,0.1113981272199777
1029,1029,"54390,0000",25,Male,,MP-1030,0.1113981272199777
1030,1030,"58040,0000",30,Male,,MP-1031,0.1113981272199777
1031,1031,"59343,0000",27,Male,,MP-1032,0.1113981272199777
1032,1032,"63258,0000",18,Male,,MP-1033,0.1113981272199777
1033,1033,"63345,0000",32,Male,,MP-1034,0.1113981272199777
1034,1034,"65009,0000",18,Male,,MP-1035,0.1113981272199777
1035,1035,"65317,0000",20,Male,,MP-1036,0.1113981272199777
1036,1036,"65318,0000",23,Male,,MP-1037,0.1113981272199777
1037,1037,"66304,0000",19,Male,,MP-1038,0.1113981272199777
1038,1038,"66731,0000",66,Female,,MP-1039,0.5941233451732144
1039,1039,"66780,0000",20,Male,,MP-1040,0.1113981272199777
1040,1040,"66781,0000",33,Male,,MP-1041,0.1113981272199777
1041,1041,"66824,0000",16,Male,,MP-1042,0.1113981272199777
1042,1042,"66874,0000",31,Male,,MP-1043,0.1113981272199777
1043,1043,"66917,0000",31,Male,,MP-1044,0.1113981272199777
1044,1044,"66965,0000",21,Male,,MP-1045,0.1113981272199777
1045,1045,"67104,0000",46,Male,,MP-1046,0.1113981272199777
1046,1046,"67325,0000",38,Male,,MP-1047,0.1113981272199777
1047,1047,"67374,0000",31,Male,,MP-1048,0.1113981272199777
1048,1048,"67861,0000",26,Male,,MP-1049,0.1113981272199777
1049,1049,"68078,0000",53,Male,,MP-1050,0.1113981272199777
1050,1050,"70271,0000",25,Male,,MP-1051,0.1113981272199777
1051,1051,"72547,0000",65,Female,,MP-1052,0.5941233451732144
1052,1052,"72549,0000",73,Male,,MP-1053,0.1113981272199777
1053,1053,"73309,0000",23,Male,,MP-1054,0.1113981272199777
1054,1054,"73352,0000",25,Male,,MP-1055,0.1113981272199777
1055,1055,"73438,0000",51,Female,,MP-1056,0.5941233451732144
1056,1056,"73481,0000",51,Male,,MP-1057,0.1113981272199777
1057,1057,"75172,0000",48,Female,,MP-1058,0.5941233451732144
1058,1058,"75723,0000",20,Male,,MP-1059,0.1113981272199777
1059,1059,"75724,0000",32,Male,,MP-1060,0.1113981272199777
1060,1060,"75813,0000",37,Male,,MP-1061,0.1113981272199777
1061,1061,"76540,0000",28,Male,,MP-1062,0.1113981272199777
1062,1062,"79362,0000",78,Female,,MP-1063,0.5941233451732144
1063,1063,"79560,0000",55,Male,,MP-1064,0.1113981272199777
1064,1064,"80143,0000",21,Male,,MP-1065,0.1113981272199777
1065,1065,"80513,0000",39,Male,,MP-1066,0.1113981272199777
1066,1066,"80980,0000",25,Male,,MP-1067,0.1113981272199777
1067,1067,"81172,0000",34,Male,,MP-1068,0.1113981272199777
1068,1068,"82429,0000",24,Female,,MP-1069,0.5941233451732144
1069,1069,"82619,0000",30,Male,,MP-1070,0.1113981272199777
1070,1070,"82620,0000",43,Female,,MP-1071,0.5941233451732144
1071,1071,"83719,0000",54,Male,,MP-1072,0.1113981272199777
1072,1072,"85044,0000",26,Male,,MP-1073,0.1113981272199777
1073,1073,"85657,0000",26,Male,,MP-1074,0.1113981272199777
